end_station_name,num
"Belgrove Street , King's Cross",231802
"Hyde Park Corner, Hyde Park",215038
"Waterloo Station 3, Waterloo",193200
"Albert Gate, Hyde Park",157943
"Hop Exchange, The Borough",156964
"Black Lion Gate, Kensington Gardens",156020
"Waterloo Station 1, Waterloo",141733
"Wormwood Street, Liverpool Street",129376
"Brushfield Street, Liverpool Street",120659
"Finsbury Circus, Liverpool Street",116011
"Newgate Street , St. Paul's",108223
"Triangle Car Park, Hyde Park",107372
"Wellington Arch, Hyde Park",105729
"Craven Street, Strand",104457
"Bethnal Green Road, Shoreditch",100590
"Duke Street Hill, London Bridge",99851
"Regent's Row , Haggerston",98284
"Holborn Circus, Holborn",95902
"William IV Street, Strand",94806
"Soho Square , Soho",93536
"Old Street Station, St. Luke's",93010
"Palace Gate, Kensington Gardens",92638
"Queen Street 1, Bank",90407
"Crosswall, Tower",90080
"Cheapside, Bank",89211
"St. James's Square, St. James's",87991
"Bankside Mix, Bankside",86974
"Speakers' Corner 1, Hyde Park",85884
"Exhibition Road, Knightsbridge",85844
"Moorfields, Moorgate",85500
"Storey's Gate, Westminster",85278
"Tooley Street, Bermondsey",84807
"Whitehall Place, Strand",84038
"Shoreditch High Street, Shoreditch",83212
"Sun Street, Liverpool Street",80180
"South Kensington Station, South Kensington",78592
"Green Park Station, Mayfair",77291
"Serpentine Car Park, Hyde Park",77053
"Tower Gardens , Tower",76688
"Little Argyll Street, West End",76558
"Great Tower Street, Monument",75749
"Drury Lane, Covent Garden",74456
"Malet Street, Bloomsbury",72148
"Kennington Lane Rail Bridge, Vauxhall",71822
"Aldersgate Street, Barbican",71770
"Stonecutter Street, Holborn",70980
"Tavistock Street, Covent Garden",69698
"Moor Street, Soho",69640
"Queen's Gate, Kensington Gardens",68563
"Leonard Circus , Shoreditch",67862
"Baylis Road, Waterloo",67744
"Wardour Street, Soho",67002
"Berry Street, Clerkenwell",66448
"Vauxhall Cross, Vauxhall",66398
"Speakers' Corner 2, Hyde Park",66371
"Great Marlborough Street, Soho",65752
"Godliman Street, St. Paul's",65433
"Jubilee Gardens, South Bank",64873
"Nesham Street, Wapping",64824
"Islington Green, Angel",64656
"Queen Street 2, Bank",63302
"Ashley Place, Victoria",63188
"Fulham Broadway, Walham Green",62746
"Hatton Wall, Holborn",62386
"Eccleston Place, Victoria",62203
"Red Lion Street, Holborn",61865
"Derry Street, Kensington",61284
"West Smithfield Rotunda, Farringdon",61141
"Bank of England Museum, Bank",61073
"Leman Street, Aldgate",61014
"Notting Hill Gate Station, Notting Hill",60767
"Park Lane , Hyde Park",60638
"Pall Mall East, West End",60032
"Finsbury Leisure Centre, St. Luke's",59876
"British Museum, Bloomsbury",59597
"Winsland Street, Paddington",59455
"Gloucester Road Station, South Kensington",58950
"Waterloo Station 2, Waterloo",58696
"Bunhill Row, Moorgate",58491
"Clerkenwell Green, Clerkenwell",58401
"Howick Place, Westminster",57623
"Dunston Road , Haggerston",56633
"Bath Street, St. Luke's",56352
"Aquatic Centre, Queen Elizabeth Olympic Park",55979
"Bermondsey Street, Bermondsey",55973
"Northumberland Avenue, Strand",55425
"Wright's Lane, Kensington",54378
"St. Bride Street, Holborn",53954
"Southampton Street, Strand",53947
"Endsleigh Gardens, Euston",53598
"Flood Street, Chelsea",53365
"Warren Street Station, Euston",53032
"Queen Victoria Street, St. Paul's",52844
"Queen's Circus, Battersea Park",52208
"Braham Street, Aldgate",51354
"Somerset House, Strand",51341
"Eagle Wharf Road, Hoxton",51235
"Imperial College, Knightsbridge",50828
"Curlew Street, Shad Thames",50670
"Belvedere Road, South Bank",50352
"Sedding Street, Sloane Square",50214
"Elizabeth Bridge, Victoria",49883
"Museum of London, Barbican",49852
"Poured Lines, Bankside",49748
"Abingdon Green, Westminster",49631
"Limerston Street, West Chelsea",49413
"Tysoe Street, Clerkenwell",49317
"Hinde Street, Marylebone",49258
"Bouverie Street, Temple",49216
"Bayswater Road, Hyde Park",48387
"Wellington Street , Strand",48190
"Abbey Orchard Street, Westminster",47838
"Stamford Street, South Bank",47759
"Bayley Street , Bloomsbury",47706
"Wells Street, Fitzrovia",47225
"Russell Square Station, Bloomsbury",47176
"Belgrave Road, Victoria",46821
"Waterloo Place, St. James's",46760
"Liverpool Road (N1 Centre), Angel",46624
"Cumberland Gate, Hyde Park",46551
"Old Quebec Street, Marylebone",46473
"Queen Mother Sports Centre, Victoria",46465
"Montpelier Street, Knightsbridge",46169
"Southwark Station 2, Southwark",45872
"South Wharf Road, Paddington",45696
"Ethelburga Estate, Battersea Park",45563
"Strand, Strand",45471
"Wren Street, Holborn",45149
"Falcon Road, Clapham Junction",44767
"Milroy Walk, South Bank",44729
"Exhibition Road Museums, South Kensington",44661
"New Inn Yard, Shoreditch",44597
"Fournier Street, Whitechapel",44333
"Panton Street, West End",43898
"Hatton Garden, Holborn",43790
"Sadlers Sports Centre, Finsbury",43733
"Great Russell Street, Bloomsbury",43700
"Frith Street, Soho",43527
"Tanner Street, Bermondsey",43503
"Westbridge Road, Battersea",43503
"Greenland Road, Camden Town",43472
"Guilford Street , Bloomsbury",43432
"Marylebone Lane, Marylebone",43159
"Binfield Road, Stockwell",42991
"Bolsover Street, Fitzrovia",42986
"Tallis Street, Temple",42770
"Natural History Museum, South Kensington",42602
"Westferry DLR, Limehouse",42541
"Golden Square, Soho",42540
"Doric Way , Somers Town",42521
"Howland Street, Fitzrovia",42497
"Castlehaven Road, Camden Town",42378
"Finsbury Square , Moorgate",42261
"Buckingham Gate, Westminster",42156
"Pritchard's Road, Bethnal Green",41977
"New Globe Walk, Bankside",41725
"Graham Street, Angel",41716
"Flamborough Street, Limehouse",41704
"Snow Hill, Farringdon",41658
"Kennington Cross, Kennington",41531
"Pott Street, Bethnal Green",41117
"Kensington Church Street, Kensington",40817
"Bonny Street, Camden Town",40535
"Cardinal Place, Victoria",40499
"Park Road (Baker Street), The Regent's Park",40468
"Sloane Avenue, Knightsbridge",40162
"Northington Street , Holborn",40114
"Alfred Place, Bloomsbury",39949
"Great Titchfield Street, Fitzrovia",39911
"Golden Lane, Barbican",39696
"Seville Street, Knightsbridge",39565
"Brick Lane Market, Shoreditch",39429
"Norton Folgate, Liverpool Street",39415
"Parsons Green Station, Parsons Green",39378
"Theobald's Road , Holborn",39322
"Broadcasting House, Marylebone",39286
"Devonshire Square, Liverpool Street",39165
"Drayton Gardens, West Chelsea",39139
"Granby Street, Shoreditch",39089
"Hampstead Road, Euston",39031
"Victoria Park Road, Hackney Central",38855
"New Fetter Lane, Holborn",38808
"St. Mary Axe, Aldgate",38806
"Woodstock Grove, Shepherd's Bush",38771
"Royal London Hospital, Whitechapel",38650
"Chapel Place, Marylebone",38586
"Warwick Avenue Station, Maida Vale",38551
"Southampton Place, Holborn",38459
"Rampayne Street, Pimlico",38454
"Watney Street, Shadwell",38454
"All Saints Church, Portobello",38442
"York Hall, Bethnal Green",38285
"Whiteley's, Bayswater",38052
"Monument Street, Monument",37850
"Devonshire Terrace, Bayswater",37815
"Erin Close, Walham Green",37711
"Horseferry Road, Westminster",37701
"Chadwell Street, Angel",37323
"Cadogan Gardens, Chelsea",37238
"Broadwick Street, Soho",37213
"Christopher Street, Liverpool Street",36832
"Jubilee Plaza, Canary Wharf",36804
"Boston Place, Marylebone",36755
"Smith Square, Westminster",36737
"Sackville Street, Mayfair",36693
"St. Chad's Street, King's Cross",36666
"Page Street, Westminster",36530
"Kingsway Southbound, Strand",36514
"Bramham Gardens, Earl's Court",36438
"George Street, Marylebone",36299
"Phillimore Gardens, Kensington",36293
"Earnshaw Street , Covent Garden",36200
"Appold Street, Liverpool Street",36090
"Dorset Square, Marylebone",36011
"Porchester Place, Paddington",35666
"Cartwright Gardens , Bloomsbury",35609
"Portland Place, Marylebone",35560
"Gloucester Road (North), Kensington",35383
"Stephendale Road, Sands End",35367
"Parson's Green , Parson's Green",35353
"Harriet Street, Knightsbridge",35291
"Holy Trinity Brompton, Knightsbridge",35197
"Embankment (Savoy), Strand",35193
"St. George's Square, Pimlico",35104
"Brunswick Square, Bloomsbury",35007
"Fire Brigade Pier, Vauxhall",34986
"Shoreditch Park, Hoxton",34858
"Lancaster Gate , Bayswater",34572
"Cadogan Close, Victoria Park",34317
"Old Montague Street, Whitechapel",34301
"Taviton Street, Bloomsbury",34272
"Concert Hall Approach 2, South Bank",34149
"Bricklayers Arms, Borough",34095
"Roscoe Street, St. Luke's",34074
"Sardinia Street, Holborn",34032
"Walworth Road, Elephant & Castle",33949
"Haggerston Road, Haggerston",33890
"Millbank Tower, Pimlico",33878
"Grosvenor Square, Mayfair",33777
"Empire Square, The Borough",33770
"Palace Gardens Terrace, Notting Hill",33740
"Drummond Street , Euston",33631
"Shadwell Station, Shadwell",33594
"Charlotte Street, Fitzrovia",33591
"Waterloo Road, South Bank",33557
"Ada Street, Hackney Central",33517
"LMU Commercial Road, Whitechapel",33466
"Stepney Green Station, Stepney",33457
"Turquoise Island, Notting Hill",33410
"Commercial Street, Shoreditch",33332
"The Green Bridge, Mile End",33147
"Prince Consort Road, Knightsbridge",33106
"Bell Lane, Liverpool Street",33058
"Torrens Street, Angel",32952
"Barbican Centre, Barbican",32842
"Hammersmith Road, Hammersmith",32735
"Beaumont Street, Marylebone",32710
"Tachbrook Street, Victoria",32372
"Fisherman's Walk West, Canary Wharf",32307
"Pitfield Street North,Hoxton",32241
"Wapping Lane, Wapping",32221
"Farringdon Lane, Clerkenwell",32215
"Gloucester Street, Pimlico",32201
"St. Martin's Street, West End",32196
"Barons Court Station, West Kensington",32104
"Queen's Gate (South), South Kensington",32024
"Fore Street, Guildhall",31933
"Old Brompton Road, South Kensington",31807
"Baldwin Street, St. Luke's",31800
"Tavistock Place, Bloomsbury",31769
"Wenlock Road , Hoxton",31699
"Lower Marsh, Waterloo",31681
"Jewry Street, Aldgate",31679
"Green Street, Mayfair",31487
"North Audley Street, Mayfair",31485
"New Cavendish Street, Marylebone",31484
"Vicarage Crescent, Battersea",31484
"Albert Bridge Road, Battersea Park",31350
"Twig Folly Bridge, Mile End",31303
"Gower Place , Euston",31206
"Crawford Street, Marylebone",31161
"Kennington Oval, Oval",31086
"Butler Place, Westminster",31043
"Ontario Street, Elephant & Castle",30890
"Crisp Road, Hammersmith",30758
"Columbia Road, Shoreditch",30698
"Concert Hall Approach 1, South Bank",30674
"Bury Place, Holborn",30634
"Ilchester Gardens, Bayswater",30438
"Penywern Road, Earl's Court",30412
"Hertford Road, De Beauvoir Town",30267
"Portman Square, Marylebone",30164
"Snowsfields, London Bridge",29938
"Euston Road, Euston",29880
"Charles II Street, West End",29879
"Newton Street, Covent Garden",29732
"St. George Street, Mayfair",29727
"Normand Park, West Kensington",29725
"Manresa Road, Chelsea",29541
"Eastbourne Mews, Paddington",29500
"Ebury Bridge, Pimlico",29475
"St. Peter's Terrace, Fulham",29439
"The Tennis Courts, The Regent's Park",29353
"Alderney Street, Pimlico",29229
"Caldwell Street, Stockwell",29083
"Swan Street, The Borough",29047
"Union Street, The Borough",28959
"Crinan Street, King's Cross",28944
"Christian Street, Whitechapel",28939
"Great Percy Street, Clerkenwell",28867
"Bishop's Bridge Road West, Bayswater",28720
"Royal Avenue 2, Chelsea",28708
"Parkway, Camden Town",28693
"Clifton Road, Maida Vale",28683
"Grant Road East, Clapham Junction",28639
"Olympia Way, Olympia",28544
"Blenheim Crescent, Ladbroke Grove",28487
"Bell Street , Marylebone",28475
"Borough High Street, The Borough",28352
"Red Lion Square, Holborn",28293
"Reardon Street, Wapping",28287
"Westfield Library Corner, Shepherd's Bush",28248
"Queen's Gate (North), Kensington",28200
"Old Ford Road, Bethnal Green",28084
"Pont Street, Knightsbridge",28083
"Wood Street, Guildhall",28068
"Chesilton Road, Fulham",27974
"Wandsworth Town Station, Wandsworth",27955
"Southwick Street, Paddington",27933
"Coomer Place, West Kensington",27919
"St. Katharine's Way, Tower",27915
"Prince Albert Road, The Regent's Park",27829
"Scala Street, Fitzrovia",27801
"Fashion Street, Whitechapel",27740
"Cephas Street, Bethnal Green",27726
"East Road, Hoxton",27645
"Phene Street, Chelsea",27500
"Chelsea Bridge, Pimlico",27334
"City Road, Angel",27251
"Podium, Queen Elizabeth Olympic Park",27225
"Saunders Ness Road, Cubitt Town",27162
"Percival Street, Finsbury",26954
"Lansdowne Road, Ladbroke Grove",26935
"Southwark Station 1, Southwark",26931
"Queen's Gate (Central), South Kensington",26901
"Park Street, Bankside",26827
"Maclise Road, Olympia",26825
"Gloucester Avenue, Camden Town",26757
"Northdown Street, King's Cross",26713
"Archbishop's Park, Waterloo",26686
"New Road 1 , Whitechapel",26686
"Danvers Street, West Chelsea",26675
"Driffield Road, Old Ford",26631
"Long Lane , Bermondsey",26617
"Windsor Terrace, Hoxton",26579
"Westbourne Grove, Bayswater",26426
"Clifford Street, Mayfair",26407
"The Guildhall, Guildhall",26365
"Goldsmith's Row, Haggerston",26122
"St. Luke's Church, Chelsea",26005
"Baker Street, Marylebone",25943
"Great Suffolk Street, The Borough",25910
"Rodney Road , Walworth",25875
"Nutford Place, Marylebone",25840
"Harrington Square 2, Camden Town",25827
"Arlington Road, Camden Town",25741
"Bedford Way, Bloomsbury",25704
"Albert Gardens, Stepney",25574
"Clinton Road, Mile End",25553
"Finsbury Library , Finsbury",25534
"Putney Bridge Station, Fulham",25464
"Gunmakers Lane, Old Ford",25403
"Philpot Street, Whitechapel",25392
"Bridge Avenue, Hammersmith",25345
"De Vere Gardens, Kensington",25337
"High Holborn , Covent Garden",25319
"Wellington Row, Bethnal Green",25286
"Westminster University, Marylebone",25244
"Knightsbridge, Hyde Park",25200
"Margery Street, Clerkenwell",24959
"Sutton Street, Shadwell",24896
"Hereford Road, Bayswater",24891
"Globe Town Market, Bethnal Green",24856
"Durant Street, Bethnal Green",24835
"Edgware Road Station, Marylebone",24784
"King Edward Street, St Pauls",24768
"Kennington Road  , Vauxhall",24750
"Foley Street, Fitzrovia",24653
"Curzon Street, Mayfair",24596
"Upper Bank Street, Canary Wharf",24476
"Finlay Street, Fulham",24425
"Rainville Road, Hammersmith",24361
"North Wharf Road, Paddington",24342
"Great Dover Street, The Borough",24316
"Greyhound Road, Hammersmith",24313
"Pancras Road, King's Cross",24278
"Seymour Place, Marylebone",24255
"Bethnal Green Garden, Bethnal Green",24230
"Royal College Street, Camden Town",24222
"Ampton Street , Clerkenwell",24170
"Black Prince Road, Vauxhall",24156
"Bruton Street, Mayfair",24140
"Albert Embankment, Vauxhall",24107
"Gloucester Road (Central), South Kensington",24099
"Furze Green, Bow",24041
"Tyers Gate, Bermondsey",24039
"Knaresborough Place, Earl's Court",24025
"Simpson Street, Clapham Junction",24023
"West Cromwell Road, Earl's Court",24009
"Royal Avenue 1, Chelsea",23988
"Paddington Street, Marylebone",23856
"Waterloo Bridge, South Bank",23810
"Garnet Street, Shadwell",23798
"Warwick Square, Pimlico",23779
"Rathbone Street, Fitzrovia",23751
"Eaton Square, Belgravia",23700
"Salmon Lane, Limehouse",23671
"Bow Road Station, Bow",23655
"World's End Place, West Chelsea",23596
"Sandilands Road, Walham Green",23543
"Lexham Gardens, Kensington",23493
"Doddington Grove, Kennington",23477
"London Zoo Car Park, The Regent's Park",23468
"Macclesfield Rd, St Lukes",23465
"Regency Street, Westminster",23431
"Westbourne Park Road, Portobello",23378
"Emperor's Gate, South Kensington",23377
"Hartington Road, Stockwell",23368
"Ormonde Gate, Chelsea",23283
"The Vale, West Chelsea",23245
"Grove End Road, St. John's Wood",23232
"St. Mark's Road, North Kensington",23225
"Harcourt Terrace, West Brompton",23072
"Lambeth North Station, Waterloo",23049
"Prince of Wales Drive, Battersea Park",23040
"Shouldham Street, Marylebone",22982
"Michael Road, Walham Green",22954
"Park Lane, Mayfair",22953
"Hoxton Station, Hoxton",22893
"New Kent Road, The Borough",22748
"Vincent Street, Pimlico",22707
"Jubilee Street, Stepney",22593
"Riverlight North, Nine Elms",22548
"Woodstock Street, Mayfair",22455
"Chancery Lane, Holborn",22410
"Rochester Row, Westminster",22389
"Chepstow Villas, Notting Hill",22382
"Hampton Street, Walworth",22350
"Warwick Road, Olympia",22300
"Watney Market, Stepney",22297
"Battersea Church Road, Battersea",22272
"George Place Mews, Marylebone",22044
"Kensington Gore, Knightsbridge",21947
"Queen Mary's, Mile End",21934
"Falkirk Street, Hoxton",21897
"Cadogan Place, Knightsbridge",21866
"Union Grove, Wandsworth Road",21860
"Trebovir Road, Earl's Court",21785
"Lower Thames Street, Monument",21769
"Fulham Park Road, Fulham",21755
"Cleveland Way, Stepney",21743
"William Morris Way, Sands End",21737
"Strata, Elephant & Castle",21690
"Mile End Stadium, Mile End",21663
"St. John's Road, Clapham Junction",21660
"Houndsditch, Aldgate",21637
"Fanshaw Street, Hoxton",21576
"Lambeth Palace Road, Waterloo",21520
"Clifton Street, Shoreditch",21415
"Tate Modern, Bankside",21327
"Colombo Street, Southwark",21314
"St. John Street, Finsbury",21253
"Argyll Road, Kensington",21183
"Chelsea Green, Chelsea",21152
"Bishop's Avenue, Fulham",21150
"Millennium Hotel, Mayfair",21056
"South Park, Sands End",21034
"Austin Road, Battersea Park",20958
"Brook Green South, Brook Green",20922
"Imperial Road, Sands End",20895
"Richmond Way, Shepherd's Bush",20831
"Aintree Street, Fulham",20825
"Surrey Lane, Battersea",20682
"London Zoo,  The Regent's Park",20674
"Gloucester Terrace, Bayswater",20621
"Mile End Park Leisure Centre, Mile End",20607
"Nevern Place, Earl's Court",20585
"Pembridge Villas, Notting Hill",20503
"Bancroft Road, Bethnal Green",20447
"Wapping High Street, Wapping",20442
"Osiers Road, Wandsworth",20426
"Ravenscourt Park Station, Hammersmith",20334
"Goswell Road (City Uni), Finsbury",20313
"Shoreditch Court, Haggerston",20286
"Lollard Street, Vauxhall",20281
"Hortensia Road, West Brompton",20229
"Albany Street, The Regent's Park",20221
"Vereker Road North, West Kensington",20204
"Kennington Lane Tesco, Vauxhall",20122
"Humbolt Road, Fulham",19955
"Disraeli Road, Putney",19858
"Westfield Southern Terrace ,Shepherd's Bush",19850
"Ram Street, Wandsworth",19848
"Montgomery Square, Canary Wharf",19774
"Cheshire Street, Bethnal Green",19771
"Silverthorne Road, Battersea",19739
"Grafton Street, Mayfair",19729
"West Kensington Station, West Kensington",19447
"Wandsworth Rd, Isley Court, Wandsworth Road",19444
"Antill Road, Mile End",19436
"Good's Way, King's Cross",19435
"Cleveland Gardens, Bayswater",19403
"Stanhope Gate, Mayfair",19401
"Guildhouse Street, Victoria",19302
"Bourne Street, Belgravia",19269
"Vauxhall Walk, Vauxhall",19267
"Belgrave Square, Belgravia",19243
"Borough Road, Elephant & Castle",19190
"Hammersmith Town Hall, Hammersmith",19187
"Lots Road, West Chelsea",19171
"South Lambeth Road, Vauxhall",19168
"Abingdon Villas, Kensington",19098
"Sumner Place, South Kensington",19086
"Vauxhall Bridge , Pimlico",19074
"Cloudesley Road, Angel",18929
"Claverton Street, Pimlico",18898
"Felsham Road, Putney",18898
"Charing Cross Hospital, Hammersmith",18848
"Finnis Street, Bethnal Green",18796
"Thorndike Close, West Chelsea",18754
"Collingham Gardens, Earl's Court",18745
"Central House, Aldgate",18707
"Alfreda Street, Battersea Park",18704
"Hoxton Street, Hoxton",18691
"Beryl Road, Hammersmith",18659
"LSBU (Borough Road), Elephant & Castle",18628
"Breams Buildings, Holborn",18605
"Kennington Station, Kennington",18603
"All Saints' Road, Portobello",18476
"Eel Brook Common, Walham Green",18437
"Hollybush Gardens, Bethnal Green",18432
"Ashley Crescent, Battersea",18431
"Shepherd's Bush Road North, Shepherd's Bush",18361
"Bow Church Station, Bow",18350
"Lavington Street, Bankside",18296
"Harford Street, Mile End",18273
"Crabtree Lane, Fulham",18249
"Hardwick Street, Clerkenwell",18245
"Battersea Park Road, Nine Elms",18244
"Upcerne Road, West Chelsea",18192
"Everington Street, Fulham",18136
"Eaton Square (South), Belgravia",17998
"Webber Street , Southwark",17983
"Eversholt Street , Camden Town",17892
"BBC White City, White City",17809
"Mostyn Grove, Bow",17798
"Walnut Tree Walk, Vauxhall",17797
"Lambeth Road, Vauxhall",17678
"Palissy Street, Shoreditch",17520
"Queensbridge Road, Haggerston",17507
"Star Road, West Kensington",17493
"Kennington Road Post Office, Oval",17445
"Carnegie Street, King's Cross",17439
"Imperial Wharf Station, Sands End",17401
"Carey Street, Holborn",17371
"Melton Street, Euston",17357
"Ford Road, Old Ford",17312
"Irene Road, Parsons Green",17260
"Murray Grove , Hoxton",17204
"Hansard Mews, Holland Park",17150
"Houghton Street, Strand",17149
"The Vale, Chelsea",17124
"Gaywood  Street, Elephant & Castle",16936
"Princedale Road , Holland Park",16931
"Whiston Road, Haggerston",16925
"Harrowby Street, Marylebone",16829
"Rectory Square, Stepney",16810
"Greycoat Street , Westminster",16806
"Longford Street, The Regent's Park",16640
"Blackfriars Road, Southwark",16572
"Burdett Road, Mile End",16548
"Hermitage Court, Wapping",16546
"Wellington Road, St. John's Wood",16530
"Birkenhead Street, King's Cross",16520
"Holland Park, Kensington",16401
"Vincent Square, Westminster",16352
"Ashmole Estate, Oval",16320
"Lindfield Street, Poplar",16300
"Charlotte Terrace, Angel",16297
"South Audley Street, Mayfair",16227
"Pitfield Street Central, Hoxton",16208
"Lee Valley VeloPark, Queen Elizabeth Olympic Park",16186
"South Parade, Chelsea",16171
"Ansell House, Stepney",16150
"St. John's Wood Road, St. John's Wood",16012
"Wendon Street, Old Ford",15986
"Victoria & Albert Museum, South Kensington",15886
"Bishop's Bridge Road East, Bayswater",15881
"Hewison Street, Old Ford",15862
"Courland Grove, Wandsworth Road",15834
"Aylward Street, Stepney",15807
"Portugal Street, Holborn",15803
"Sopwith Way, Battersea Park",15730
"Charlbert Street, St. John's Wood",15728
"Aberdeen Place, St. John's Wood",15709
"East Village, Queen Elizabeth Olympic Park",15674
"Dorothy Road, Clapham Junction",15567
"Southerton Road, Hammersmith",15467
"Buxton Street 1, Shoreditch",15456
"Farm Street, Mayfair",15371
"Rossmore Road, Marylebone",15307
"Vaughan Way, Wapping",15230
"Gwendwr Road, West Kensington",15173
"Sancroft Street, Vauxhall",15170
"Monier Road, Hackney Wick",15092
"Clarence Walk, Stockwell",15018
"Denyer Street, Knightsbridge",14952
"Princes Square, Bayswater",14822
"Grosvenor Road, Pimlico",14791
"Chrisp Street Market, Poplar",14774
"Putney Pier, Wandsworth",14715
"St. John's Wood Church, The Regent's Park",14632
"Devons Road, Bow",14613
"Little Brook Green, Brook Green",14535
"Lightermans Road, Millwall",14461
"Kensington Olympia Station, Olympia",14457
"Sail Street, Vauxhall",14444
"Belford House, Haggerston",14440
"One Tower Bridge, Bermondsey",14428
"Sheepcote Lane, Battersea",14403
"Smugglers Way, Wandsworth",14365
"Kensington Town Hall, Kensington",14360
"Neville Gill Close, Wandsworth",14360
"River Street , Clerkenwell",14341
"Hawley Crescent, Camden Town",14136
"Manbre Road, Hammersmith",14099
"East India DLR, Blackwall",14087
"Grosvenor Crescent, Belgravia",14039
"Southern Grove, Bow",14004
"Timber Lodge, Queen Elizabeth Olympic Park",13915
"Cotton Garden Estate, Kennington",13861
"Claremont Square, Angel",13836
"Blythe Road West, Shepherd's Bush",13701
"Stainsby Road , Poplar",13668
"Orbel Street, Battersea",13523
"Calshot Street , King's Cross",13424
"Usk Road, Clapham Junction",13403
"Stratford Station, Stratford",13315
"New North Road 2, Hoxton",13263
"Lisson Grove, St. John's Wood",13202
"Cleaver Street, Kennington",13162
"Marloes Road, Kensington",12993
"Paddington Green Police Station, Paddington",12969
"Clarkson Street, Bethnal Green",12720
"Ranelagh Gardens, Fulham",12685
"Risinghill Street, Angel",12551
"Dock Street, Wapping",12448
"Harper Road, The Borough",12378
"Dickens Square, Borough",12246
"Montserrat Road , Putney",12221
"Heron Quays DLR, Canary Wharf",12221
"Westfield Ariel Way, White City",12188
"Abyssinia Close, Clapham Junction",12164
"Frampton Street, Paddington",12048
"Clapham Common North side, Clapham Common",11973
"Sugden Road, Clapham",11908
"Napier Avenue, Millwall",11878
"Spindrift Avenue, Millwall",11876
"Queen Street, Bank",11784
"Copper Box Arena, Queen Elizabeth Olympic Park",11751
"Clarendon Road, Avondale",11618
"Vicarage Gate, Kensington",11578
"Halford Road, West Kensington",11298
"Elysium Place, Fulham",11251
"Vauxhall Street, Vauxhall",11231
"Belvedere Road 1, South Bank",11219
"Hampstead Road (Cartmel), Euston",11206
"Aston Street, Stepney",11035
"Canton Street, Poplar",11004
"Russell Gardens, Olympia",10954
"Campden Hill Road, Notting Hill",10951
"Penfold Street, Marylebone",10944
"Thurtle Road, Haggerston",10839
"Clarges Street, Mayfair",10816
"Northfields, Wandsworth",10815
"Hibbert Street, Battersea",10811
"Teversham Lane, Stockwell",10761
"Pennington Street, Wapping",10696
"Selby Street, Whitechapel",10540
"Broadley Terrace, Marylebone",10527
"Addison Road, Holland Park",10494
Imperial Wharf Station,10380
"Walmer Road, Avondale",10376
"Westferry Circus, Canary Wharf",10290
"Lincoln's Inn Fields, Holborn",10248
"Putney Rail Station, Putney",10191
"Killick Street, King's Cross",10123
"Stanley Grove, Battersea",10111
"Bradmead, Battersea Park",10003
"Culvert Road, Battersea",9886
"Grenfell Road, Avondale",9856
"Southwark Street, Bankside",9855
"Upper Grosvenor Street, Mayfair",9598
"Cromer Street, Bloomsbury",9572
"Alpha Grove, Millwall",9529
"King Edward Walk, Waterloo",9418
"Rifle Place, Avondale",9409
"Plough Terrace, Clapham Junction",9391
"Kings Gate House, Westminster",9306
"St Martins Close, Camden Town",9286
"Clapham Common North Side, Clapham Common",9278
"Peterborough Road, Sands End",9196
"Ossulston Street, Somers Town",9036
"Ackroyd Drive, Bow",8974
"Geraldine Street, Elephant & Castle",8950
"Abbotsbury Road, Holland Park",8906
"Green Park Station, West End",8902
"Hurlingham Park, Parsons Green",8862
"Heath Road, Battersea",8670
"East Ferry Road, Cubitt Town",8593
"Westminster Bridge Road, Elephant & Castle",8556
"Jubilee Crescent, Cubitt Town",8422
"Putney Bridge Road, East Putney",8414
"Oval Way, Vauxhall",8389
"Naval Row, Blackwall",8300
"Lancaster Drive, Blackwall",8176
"Mallory Street, Marylebone",8141
"Coram Street, Bloomsbury",8112
"Holden Street, Battersea",8102
"Newby Place, Poplar",8080
"Bevington Road West, North Kensington",8070
"Paddington Green, Paddington",8057
"Albert Square, Stockwell",8041
"Riverlight South, Nine Elms",7984
"Embankment (Horse Guards), Westminster",7981
"Ilchester Place, Kensington",7969
"New North Road 1, Hoxton",7968
"Broomhouse Lane, Parsons Green",7874
"Freston Road, Avondale",7777
"Bromley High Street, Bow",7761
"Alma Road, Wandsworth",7723
"Thessaly Road North, Wandsworth Road",7617
"Cantrell Road, Bow",7508
"Evesham Street, Avondale",7406
"Mudchute DLR, Cubitt Town",7265
"Clapham Road, Lingham Street, Stockwell",7262
"Orsett Terrace, Bayswater",7224
"Upper Richmond Road, Putney",7152
"Hibbert Street, Clapham Junction",7111
"Greenberry Street, St.John's Wood",7099
"Belvedere Road 2, South Bank",7079
"Vereker Road, West Kensington",7027
"Queensdale Road, Shepherd's Bush",7006
"Harrington Square 1, Camden Town",6870
"Exhibition Road Museums, Knightsbridge",6770
"Stebondale Street, Cubitt Town",6750
"Sirdar Road, Avondale",6645
"Preston's Road, Cubitt Town",6631
"Langdon Park, Poplar",6585
"Rodney Street, Angel",6485
"Handyside Street, King's Cross",6464
"Ingrave Street, Clapham Junction",6341
"Abingdon Green, Great College Street",6160
"Stewart's Road, Wandsworth Road",6123
"Oxford Road, Putney",6046
"Spencer Park, Wandsworth Common",6037
"St. Mary & St. Michael Church, Stepney",6024
"Morie Street, Wandsworth",5883
"New Spring Gardens Walk, Vauxhall",5741
"Lord's, St. John's Wood",5728
"Limerston Street, Chelsea",5711
"Mexfield Road, East Putney",5617
"Esmond Street, Putney",5331
"Millharbour, Millwall",5311
"Theobalds Road , Holborn",5290
"Ladbroke Grove Central, Ladbroke Grove",5226
"Malmesbury Road, Bow",5223
"Lansdowne Walk, Ladbroke Grove",5168
"Park Road (Baker Street), Regent's Park",5128
"Cadogan Gardens, Sloane Square",5025
"Grant Road West, Clapham Junction",4896
"Drayton Gardens, Chelsea",4841
"Limburg Road, Clapham Junction",4814
"Stockwell Roundabout, Stockwell",4649
"Santos Road, Wandsworth",4484
"Columbia Road, Weavers",4383
"Fishermans Walk West, Canary Wharf",4342
"Teviot Street, Poplar",4188
"Spanish Road, Clapham Junction",4186
"Lodge Road, St. John's Wood",4148
"Queen Marys, Mile End",4118
"Pitfield Street (North),Hoxton",4108
"Nantes Close, Clapham Junction",4060
"Grant Road Central, Clapham Junction",4056
"Merchant Street, Bow",4055
"Millbank House, Pimlico",3786
"Great Dover Street, Borough",3733
"Cleveland Way, Bethnal Green",3727
"St. John's Park, Cubitt Town",3718
"New Road  2, Whitechapel",3568
"Sidney Street, Stepney",3553
"Walworth Road, Southwark",3538
"Fawcett Close, Clapham Junction",3466
"Normand Park, Fulham",3455
"Aberfeldy Street, Poplar",3370
"The Tennis Courts, Regent's Park",3306
"Nantes Close, Wandsworth",3296
"Thornfield House, Poplar",3288
"Colet Gardens, Hammersmith",3238
"Bethnal Green Gardens, Bethnal Green",3225
"Edgware Road Station, Paddington",3217
"Here East North, Queen Elizabeth Olympic Park",3214
"Hoxton Station, Haggerston",3111
"Manfred Road, East Putney",3069
"St Katharines Way, Tower",3044
"Gun Makers Lane, Old Ford",3003
"Goldsmiths Row, Haggerston",2986
"Prince Albert Road, Regent's Park",2971
"Lansdowne Way Bus Garage, Stockwell",2938
"Castalia Square, Cubitt Town",2931
"Austin Road, Battersea",2802
"London Zoo Car Park, Regent's Park",2801
"Fawcett Close, Battersea",2767
"Simpson Street, Battersea",2643
"Altab Ali Park, Whitechapel",2619
"South Quay East, Canary Wharf",2591
"Albany Street, Regent's Park",2586
"Churchill Place, Canary Wharf",2394
"New Kent Road, Borough",2291
"Longford Street, Regent's Park",2259
"Kingsway, Covent Garden",2250
"London Zoo, Regents Park",2219
"Hansard Mews, Shepherds Bush",2115
"Victory place, Walworth",2091
"Strata, Southwark",2024
"Clapham Common Northside, Clapham Common",1972
"Killick Street, Kings Cross",1852
"Waterloo Roundabout, Waterloo",1805
"Bradmead, Nine Elms",1797
"Bevington Road, North Kensington",1738
"Westfield Eastern Access Road, Shepherd's Bush",1693
"Victoria and Albert Museum, Cromwell Road",1638
"St. John's Wood Church, Regent's Park",1595
"Clarges Street, West End",1521
"Battersea Power Station, Battersea Park",1412
"Harper Road, Borough",1360
"Sugden Road, Battersea",1260
"Russell Gardens, Holland Park",1259
"Walmer Road, Notting Hill",1250
"St Martin's Close, Camden Town",1199
"Usk Road, Battersea",1083
"Oval Way, Lambeth",1022
"Bromley High Street, Bromley",949
"South Quay West, Canary Wharf",906
"Thessaly Road North, Nine Elms",895
"Upper Richmond Road, East Putney",880
"Halford Road, Fulham",812
"St. Mary and St. Michael Church, Stepney",805
"Central House, Whitechapel",778
"Harrington Square, Camden Town",740
Mechanical Workshop Clapham,727
Mechanical Workshop Penton,663
"Ingrave Street, Battersea",639
"Victory Place, Walworth",609
"Lansdowne Walk, Notting Hill",602
"Stewart's Road, Nine Elms",572
"Spanish Road, Wandsworth",537
"Ladbroke Grove Central, Notting Hill",526
"Limburg Road, Clapham Common",481
"St John's Park, Cubitt Town",393
"Coborn Street, Mile End",315
"Here East South, Queen Elizabeth Olympic Park",241
"Contact Centre, Southbury House",60
Pop Up Dock 1,41
"Monier Road, Newham",36
Pop Up Dock 2,19
Monier Road,14
PENTON STREET COMMS TEST TERMINAL _ CONTACT MATT McNULTY,11
LSP1,6
"Blackfriars road, Southwark",5
Electrical Workshop PS,2
LSP2,2
